,pmid,HLA,Mut Epitope,WT peptide,immunogenic,allele,sequence
0,34244308,DRB1_0901,LTSTVQLIMQLMPFGCL,LTSTVQLITQLMPFGCL,1,DRB1_0901,QEFFIASGAAVDAIMKDFYHGYVFRRETVHVGFT
1,34244308,DRB1_0901,MASVDNPLMCRLLGICL,MASVDNPHVCRLLGICL,1,DRB1_0901,QEFFIASGAAVDAIMKDFYHGYVFRRETVHVGFT
2,35211402,DRB1_0901,FLGLVAWVHGDPRRA,VLGLVAWVHGDPRRA,1,DRB1_0901,QEFFIASGAAVDAIMKDFYHGYVFRRETVHVGFT
4,34244308,DRB1_1301,RKRKFINRGLAHDSEEL,RKRKFINRDLAHDSEEL,1,DRB1_1301,QEFFIASGAAVDAIMESSFDYFDIDEATYHVVFT
6,34244308,DRB1_1602,KYEKSAVLASNSQFLVK,KYEKSAVLVSNSQFLVK,1,DRB1_1602,QEFFIASGAAVDAIMWPRFDYYDLDRATYHVGFT
7,34244308,DRB1_1602,QDFRRNILSVCKEAVDL,QDFRRNILNVCKEAVDL,1,DRB1_1602,QEFFIASGAAVDAIMWPRFDYYDLDRATYHVGFT
8,29853601,DRB3_0202,HYNYMCNSSCMGSMN,HYNYMCNSSCMGGMN,1,DRB3_0202,QEFFIASGAAVDAIMELSFEHYDLQKQNYHVGFT
9,29853601,DRB3_0202,NTFRHSVVVPCEPPE,NTFRHSVVVPYEPPE,1,DRB3_0202,QEFFIASGAAVDAIMELSFEHYDLQKQNYHVGFT
10,30714987,DRB3_0202,HYNYMCNSSSCMGSMN,HYNYMCNSSSCMGGMN,1,DRB3_0202,QEFFIASGAAVDAIMELSFEHYDLQKQNYHVGFT
11,29853601,DRB4_0101,LADGGYDVEKNNSRI,LAAGGYDVEKNNSRI,1,DRB4_0101,QEFFIASGAAVDAIMEACNIYYDLRRETYYVVFT
12,31221207,DRB4_0101,IEILRNLYHEIIV,IEILRNLYHENIV,1,DRB4_0101,QEFFIASGAAVDAIMEACNIYYDLRRETYYVVFT
13,30377343,DRB1_0301,QDLMLEDNLLKLEV,QDLMIEDNLLKLEV,1,DRB1_0301,QEFFIASGAAVDAIMESSYDYFDLQKRNYHVVFT
14,31036766,DRB1_0301,KALARALKEGRIR,KALAQALKEGRIR,1,DRB1_0301,QEFFIASGAAVDAIMESSYDYFDLQKRNYHVVFT
15,30377343,DRB1_0101,LELINKLLSPVVPQ,LELMNKLLSPVVPQ,1,DRB1_0101,QEFFIASGAAVDAIMWLFLECYDLQRATYHVGFT
16,17334368,DRB1_0101,GELIGILNAAKVPAD,GELIGTLNAAKVPAD,1,DRB1_0101,QEFFIASGAAVDAIMWLFLECYDLQRATYHVGFT
17,25043048,DRB1_0101,GWVKPIIIGHHAYGDQYRAT,GWVKPIIIGRHAYGDQYRAT,1,DRB1_0101,QEFFIASGAAVDAIMWLFLECYDLQRATYHVGFT
18,28377481,DRB1_1501,RYLLVEGGNFHASSQ,RYLHVEGGNFHASSQ,1,DRB1_1501,QEFFIASGAAVDAIMWPRFDYFDIQAATYHVVFT
19,31221207,DRB1_1501,SGLHIFPTKNLLIQ,SGLQIFPTKNLLIQ,1,DRB1_1501,QEFFIASGAAVDAIMWPRFDYFDIQAATYHVVFT
20,33473101,DRB1_1501,LFRQFTFVNSKTVT,LFRQVTFVNSKTVT,1,DRB1_1501,QEFFIASGAAVDAIMWPRFDYFDIQAATYHVVFT
21,33473101,DRB1_1501,NVQMLFSNPLYEPV,NVQMLFSNPLDEPV,1,DRB1_1501,QEFFIASGAAVDAIMWPRFDYFDIQAATYHVVFT
22,33473101,DRB1_1501,FGHMLYFLNCHLP,FGHMLCFLNCHLP,1,DRB1_1501,QEFFIASGAAVDAIMWPRFDYFDIQAATYHVVFT
23,33473101,DRB1_1501,LIFAYKHALVN,LTFAYKHALVN,0,DRB1_1501,QEFFIASGAAVDAIMWPRFDYFDIQAATYHVVFT
24,12794170,DRB1_1001,PYYFAAELPPRNLPEP,PYYFAAELPPGNLPEP,1,DRB1_1001,QEFFIASGAAVDAIMEVFLERYDLRRATYHVGFT
25,33473101,DRB1_1001,IHITLLLSTQLYY,IHIIATLLLSTQL,1,DRB1_1001,QEFFIASGAAVDAIMEVFLERYDLRRATYHVGFT
26,33473101,DRB1_1001,FKQLRALCVSSC,FKQVRALCVSSC,0,DRB1_1001,QEFFIASGAAVDAIMEVFLERYDLRRATYHVGFT
27,26516200,DRB1_0701,NHVVDISKSGLITIA,NHVVDISESGLITIA,1,DRB1_0701,QEFFIASGAAVDAIMWGYFELYVIDRQTVHVGFT
28,29867227,DRB1_0701,DPPALASTNAEVT,DPPALASKNAEVT,1,DRB1_0701,QEFFIASGAAVDAIMWGYFELYVIDRQTVHVGFT
29,29867227,DRB1_0701,GYNSYSVSNSEKHIM,GYNSYSVSNSEKDIM,1,DRB1_0701,QEFFIASGAAVDAIMWGYFELYVIDRQTVHVGFT
30,33473101,DRB1_0701,VVTYVQAENERLTAV,VVTNVQAENERLTAV,0,DRB1_0701,QEFFIASGAAVDAIMWGYFELYVIDRQTVHVGFT
31,33473101,DRB1_0701,GFASIRTATV,GFASIRTATG,0,DRB1_0701,QEFFIASGAAVDAIMWGYFELYVIDRQTVHVGFT
32,33473101,DRB1_0701,GLLGALTSTHILP,GLLGALTSTPYSP,0,DRB1_0701,QEFFIASGAAVDAIMWGYFELYVIDRQTVHVGFT
33,32439798,DRB1_1202,SEIVPCLSERHKAYL,SEIVPCLSELHKAYL,1,DRB1_1202,QEFFIASGAAVDAIMESGLEHFVFDRATYHAVFT
34,32439798,DRB1_1202,ALPLSEPMRRSVSEE,ALPLSEPMRRSVSEA,1,DRB1_1202,QEFFIASGAAVDAIMESGLEHFVFDRATYHAVFT
35,33473101,DRB1_1202,KITDFGRAKLL,KITDFGLAKLL,1,DRB1_1202,QEFFIASGAAVDAIMESGLEHFVFDRATYHAVFT
36,33473101,DRB1_1202,TNILPVNQPVRLGAS,TNILPVNQPVRPGAS,1,DRB1_1202,QEFFIASGAAVDAIMESGLEHFVFDRATYHAVFT
37,33473101,DRB1_1202,NILELASGAVLR,NILEVASGAVLR,1,DRB1_1202,QEFFIASGAAVDAIMESGLEHFVFDRATYHAVFT
38,33473101,DRB1_1202,HHKFHSQRHRSKK,HHKFHSQRHGSKK,1,DRB1_1202,QEFFIASGAAVDAIMESGLEHFVFDRATYHAVFT
39,33473101,DRB1_1202,ACAQCAKAFPKAYL,ACAQCGKAFPKAYL,1,DRB1_1202,QEFFIASGAAVDAIMESGLEHFVFDRATYHAVFT
40,31221207,DRB1_0102,QELRELRFLLKEEQ,QELRELRFLQKEEQ,1,DRB1_0102,QEFFIASGAAVDAIMWLFLECYDLQRATYHAVFT
41,33473101,DRB1_0401,NDRYVLGISDTLIRL,NDRDVLGISDTLIRL,1,DRB1_0401,QEFFIASGAAVDAIMEVHFDYYDLQKATYHVGFT
42,33473101,DRB1_0401,NIFKALFCSFRAQHV,NIFKALFCCFRAQHV,1,DRB1_0401,QEFFIASGAAVDAIMEVHFDYYDLQKATYHVGFT
43,33473101,DRB1_0401,MVKTLRLHSFPTMLKECSP,MVKTLPLHSFPTMLKECSP,1,DRB1_0401,QEFFIASGAAVDAIMEVHFDYYDLQKATYHVGFT
44,33473101,DRB1_0803,RNMVFAAKAMKS,RNMGFAAKAMKS,1,DRB1_0803,QEFFIASGAAVDAIMESGFDYYSIDRLTYHVGFT
45,33473101,DRB1_0803,LSLVFVDKPKKAKLL,LSLVFVDKPEKAKLL,1,DRB1_0803,QEFFIASGAAVDAIMESGFDYYSIDRLTYHVGFT
46,33473101,DRB1_0803,PDIFLGLRKIEAE,PDIFPGLRKIEAE,0,DRB1_0803,QEFFIASGAAVDAIMESGFDYYSIDRLTYHVGFT
47,33473101,DRB1_0803,MRLILNLRR,MRLILNLCR,1,DRB1_0803,QEFFIASGAAVDAIMESGFDYYSIDRLTYHVGFT
48,33473101,DRB1_0803,RMSFVKGCMKYIF,RMSFVKGWGAEYR,1,DRB1_0803,QEFFIASGAAVDAIMESGFDYYSIDRLTYHVGFT
49,33473101,DRB1_0803,FRVRALRPRDL,FRVRALRPGDL,0,DRB1_0803,QEFFIASGAAVDAIMESGFDYYSIDRLTYHVGFT
50,33473101,DRB1_0803,RPQLLKVKRKKPR,RPQLSKVKRKKPR,1,DRB1_0803,QEFFIASGAAVDAIMESGFDYYSIDRLTYHVGFT
51,33473101,DRB1_1454,CHALRFLHKNQLTHT,CHALRFLHENQLTHT,1,DRB1_1454,QEFFIASGAAVDAIMESSFDYYALRRETYHVVFT
52,33473101,DRB1_1101,FLQMLLGHRG,FSQMLLGHRG,0,DRB1_1101,QEFFIASGAAVDAIMESSFDYFDFDRATYHVGFT
53,33473101,DRB1_1101,FLSAKHRRQVYLQI,FLSAKHQRQVYLQI,1,DRB1_1101,QEFFIASGAAVDAIMESSFDYFDFDRATYHVGFT
54,33473101,DRB1_1101,VGYFRALTDPRGAP,VGYFRARTDPRGAP,0,DRB1_1101,QEFFIASGAAVDAIMESSFDYFDFDRATYHVGFT
55,33473101,DRB1_1101,HDFFESLHRRQAFHI,HDFFESLHRGQAFHI,1,DRB1_1101,QEFFIASGAAVDAIMESSFDYFDFDRATYHVGFT
56,33473101,DRB1_1101,KDFNLLRLLGANAF,KDFNLLRWLGANAF,1,DRB1_1101,QEFFIASGAAVDAIMESSFDYFDFDRATYHVGFT
57,33473101,DRB1_0405,VRDFSQVHPLAVLL,VRDSSQVHPLAVLL,1,DRB1_0405,QEFFIASGAAVDAIMEVHFDYYSLQRATYHVGFT
58,33473101,DRB1_0405,AQIFVRVLDTNDNS,AQISVRVLDTNDNS,0,DRB1_0405,QEFFIASGAAVDAIMEVHFDYYSLQRATYHVGFT
59,33473101,DRB1_0405,GWKVLLEQVSHLLGW,GWKVPLEQVSHLLGW,0,DRB1_0405,QEFFIASGAAVDAIMEVHFDYYSLQRATYHVGFT
60,33473101,HLA-DQA10501-DQB10602,GWMGAACVQRA,GWMGAACDQRA,0,HLA-DQA10501-DQB10602,YNYHQRXFATVLHSLFFGLTYYDVGTETVHVAGI
61,33473101,DRB1_1201,ARPVEWLGRCILDA,ARPDEWLGRCILDA,1,DRB1_1201,QEFFIASGAAVDAIMESGLEHFVIDRATYHAVFT
62,33473101,DRB1_1201,EFTDLLSFIGRIR,EFTDPLSFIGRIR,0,DRB1_1201,QEFFIASGAAVDAIMESGLEHFVIDRATYHAVFT
63,33473101,DRB1_1201,LCKMINLSKPDTI,LCKMINLSEPDTI,0,DRB1_1201,QEFFIASGAAVDAIMESGLEHFVIDRATYHAVFT
64,33473101,DRB1_1201,LCTDVALPLIVHNIQ,LCTDVAPPLIVHNIQ,1,DRB1_1201,QEFFIASGAAVDAIMESGLEHFVIDRATYHAVFT
65,33473101,DRB1_1201,VGLAVNSAVLYVLL,VGLAGNSAVLYVLL,1,DRB1_1201,QEFFIASGAAVDAIMESGLEHFVIDRATYHAVFT
66,33473101,DRB1_1201,CWISFDTHLLY,CWISSDTHLLY,1,DRB1_1201,QEFFIASGAAVDAIMESGLEHFVIDRATYHAVFT
67,33473101,HLA-DQA10508-DQB10301,HGFGPSLPTSGRDRL,HGFGPITTDIREGQT,1,HLA-DQA10508-DQB10301,YNYHQRXFATVLHSLYFAYTYYDVRTETVHLETT
