pmid,HLA,Mut Epitope,WT peptide,immunogenic
34244308,DRB1_0901,LTSTVQLIMQLMPFGCL,LTSTVQLITQLMPFGCL,1
34244308,DRB1_0901,MASVDNPLMCRLLGICL,MASVDNPHVCRLLGICL,1
34244308,DRB1_1301,VKIPVAIKTSPKANKEI,NA,1
34244308,DRB1_1602,VKIPVAIKTSPKANKEI,NA,1
34244308,DRB1_1602,KYEKSAVLASNSQFLVK,KYEKSAVLVSNSQFLVK,1
34244308,DRB1_1301,RKRKFINRGLAHDSEEL,RKRKFINRDLAHDSEEL,1
34244308,DRB1_1602,QDFRRNILSVCKEAVDL,QDFRRNILNVCKEAVDL,1
29853601,DRB3_0202,HYNYMCNSSCMGSMN,HYNYMCNSSCMGGMN,1
29853601,DRB3_0202,NTFRHSVVVPCEPPE,NTFRHSVVVPYEPPE,1
29853601,DRB4_0101,LADGGYDVEKNNSRI,LAAGGYDVEKNNSRI,1
34235003,DR_0404,KLVVVGADGVGKSALTI,KLVVVGAGGVGKSALTI,1
30377343,DRB1_0301,QDLMLEDNLLKLEV,QDLMIEDNLLKLEV,1
30377343,DRB1_0101,LELINKLLSPVVPQ,LELMNKLLSPVVPQ,1
35193931,DRB1_01,EHPFFTLQKTKKTDI,EHPFFTLHKTKKTDI,1
35193931,DRB1_01,AYHASKYEFLANLHIT,AYHASKCEFLANLHIT,1
35193931,DRB1_01,LKRPLQFLGLFGNSLCRLTHI,LKRPLQFLGLFENSLCRLTHI,1
35193931,DRB1_01,RLVYQFKEMPKNIVVID,RLVYQFKDMPKNIVVID,1
35193931,DRB1_01,EVTHAFRSQDGFLSSLESY,EVTHAFRSQDEFLSSLESY,1
35193931,DRB1_01,SPEIKLKWASSIAQL,SPEIKLKWTSSIAQL,1
17334368,DRB1_0101,GELIGILNAAKVPAD,GELIGTLNAAKVPAD,1
35211402,DRB1_0901,FLGLVAWVHGDPRRA,VLGLVAWVHGDPRRA,1
28377481,DRB1_1501,RYLLVEGGNFHASSQ,RYLHVEGGNFHASSQ,1
12794170,DRB1_1001,PYYFAAELPPRNLPEP,PYYFAAELPPGNLPEP,1
26516200,DRB1_0701,NHVVDISKSGLITIA,NHVVDISESGLITIA,1
29867227,DRB1_0701,DPPALASTNAEVT,DPPALASKNAEVT,1
25043048,DRB1_0101,GWVKPIIIGHHAYGDQYRAT,GWVKPIIIGRHAYGDQYRAT,1
29867227,DRB1_0701,GYNSYSVSNSEKHIM,GYNSYSVSNSEKDIM,1
31221207,DRB1_1501,SGLHIFPTKNLLIQ,SGLQIFPTKNLLIQ,1
30714987,DRB3_0202,HYNYMCNSSSCMGSMN,HYNYMCNSSSCMGGMN,1
31036766,DRB1_0301,KALARALKEGRIR,KALAQALKEGRIR,1
30906654,DRB_0101,NNTDIRLIGEKLFHG,NNTDVRLIGEKLFHG,1
30906654,DRB_0101,GFPAERLEGVYSNNI,GFPAERLEGVYRNNI,1
30906654,DRB_0101,AGAFLSSPGLLAVFG,AGAFLSPPGLLAVFG,1
30906654,DRB_0101,LILFFHTLGLQTKEE,LILFFRTLGLQTKEE,1
30906654,DRB_0101,GLNFVSVKGPELLNM,GLNFISVKGPELLNM,1
32439798,DRB1_1202,SEIVPCLSERHKAYL,SEIVPCLSELHKAYL,1
32439798,DRB1_1202,ALPLSEPMRRSVSEE,ALPLSEPMRRSVSEA,1
31221207,DRB1_0102,QELRELRFLLKEEQ,QELRELRFLQKEEQ,1
31221207,DRB4_0101,IEILRNLYHEIIV,IEILRNLYHENIV,1
33473101,DRB1_0401,NDRYVLGISDTLIRL,NDRDVLGISDTLIRL,1
33473101,DRB1_0401,NIFKALFCSFRAQHV,NIFKALFCCFRAQHV,1
33473101,DRB1_0401,MVKTLRLHSFPTMLKECSP,MVKTLPLHSFPTMLKECSP,1
33473101,DRB1_0803,RNMVFAAKAMKS,RNMGFAAKAMKS,1
33473101,DRB1_0803,LSLVFVDKPKKAKLL,LSLVFVDKPEKAKLL,1
33473101,DRB1_0803,PDIFLGLRKIEAE,PDIFPGLRKIEAE,0
33473101,DRB1_1454,CHALRFLHKNQLTHT,CHALRFLHENQLTHT,1
33473101,DRB1_1501,LFRQFTFVNSKTVT,LFRQVTFVNSKTVT,1
33473101,DRB1_1501,NVQMLFSNPLYEPV,NVQMLFSNPLDEPV,1
33473101,DRB1_1101,FLQMLLGHRG,FSQMLLGHRG,0
33473101,DRB1_1101,FLSAKHRRQVYLQI,FLSAKHQRQVYLQI,1
33473101,DRB1_1101,VGYFRALTDPRGAP,VGYFRARTDPRGAP,0
33473101,DRB1_1101,HDFFESLHRRQAFHI,HDFFESLHRGQAFHI,1
33473101,DRB1_1101,KDFNLLRLLGANAF,KDFNLLRWLGANAF,1
33473101,DRB1_1501,FGHMLYFLNCHLP,FGHMLCFLNCHLP,1
33473101,DRB1_1202,KITDFGRAKLL,KITDFGLAKLL,1
33473101,DRB1_1202,TNILPVNQPVRLGAS,TNILPVNQPVRPGAS,1
33473101,DRB1_1202,NILELASGAVLR,NILEVASGAVLR,1
33473101,DRB1_1202,HHKFHSQRHRSKK,HHKFHSQRHGSKK,1
33473101,DRB1_1202,ACAQCAKAFPKAYL,ACAQCGKAFPKAYL,1
33473101,DRB1_0405,VRDFSQVHPLAVLL,VRDSSQVHPLAVLL,1
33473101,DRB1_0405,AQIFVRVLDTNDNS,AQISVRVLDTNDNS,0
33473101,DRB1_0405,GWKVLLEQVSHLLGW,GWKVPLEQVSHLLGW,0
33473101,DRB1_1001,IHITLLLSTQLYY,IHIIATLLLSTQL,1
33473101,DRB1_0803,MRLILNLRR,MRLILNLCR,1
33473101,DRB1_0803,RMSFVKGCMKYIF,RMSFVKGWGAEYR,1
33473101,DRB1_0803,FRVRALRPRDL,FRVRALRPGDL,0
33473101,DRB1_0803,RPQLLKVKRKKPR,RPQLSKVKRKKPR,1
33473101,DRB1_1001,FKQLRALCVSSC,FKQVRALCVSSC,0
33473101,HLA-DQA10501-DQB10602,GWMGAACVQRA,GWMGAACDQRA,0
33473101,DRB1_1501,LIFAYKHALVN,LTFAYKHALVN,0
33473101,DRB1_1201,ARPVEWLGRCILDA,ARPDEWLGRCILDA,1
33473101,DRB1_1201,EFTDLLSFIGRIR,EFTDPLSFIGRIR,0
33473101,DRB1_1201,LCKMINLSKPDTI,LCKMINLSEPDTI,0
33473101,DRB1_1201,LCTDVALPLIVHNIQ,LCTDVAPPLIVHNIQ,1
33473101,DRB1_1201,VGLAVNSAVLYVLL,VGLAGNSAVLYVLL,1
33473101,HLA-DQA10508-DQB10301,HGFGPSLPTSGRDRL,HGFGPITTDIREGQT,1
33473101,DRB1_1201,CWISFDTHLLY,CWISSDTHLLY,1
33473101,DRB1_0701,VVTYVQAENERLTAV,VVTNVQAENERLTAV,0
33473101,DRB1_0701,GFASIRTATV,GFASIRTATG,0
33473101,DRB1_0701,GLLGALTSTHILP,GLLGALTSTPYSP,0